episode,reward
0,0.955
1,0.95225
2,0.964
3,0.9165
4,0.94025
5,1.05125
6,1.01125
7,0.99525
8,1.033
9,1.034
