episode,reward
0,0.12475
1,0.08025
2,0.1525
3,0.11375
4,0.19375
5,0.29275
6,0.194
7,0.15825
8,0.25425
9,0.2455
10,0.2
11,0.22275
12,0.2625
13,0.3235
14,0.3155
15,0.23525
16,0.294
17,0.242
